/*
SQLyog Community v13.2.0 (64 bit)
MySQL - 10.4.28-MariaDB : Database - db_dorms
*********************************************************************
*/

/*!40101 SET NAMES utf8 */;

/*!40101 SET SQL_MODE=''*/;

/*!40014 SET @OLD_UNIQUE_CHECKS=@@UNIQUE_CHECKS, UNIQUE_CHECKS=0 */;
/*!40014 SET @OLD_FOREIGN_KEY_CHECKS=@@FOREIGN_KEY_CHECKS, FOREIGN_KEY_CHECKS=0 */;
/*!40101 SET @OLD_SQL_MODE=@@SQL_MODE, SQL_MODE='NO_AUTO_VALUE_ON_ZERO' */;
/*!40111 SET @OLD_SQL_NOTES=@@SQL_NOTES, SQL_NOTES=0 */;
/*Table structure for table `bookings` */

DROP TABLE IF EXISTS `bookings`;

CREATE TABLE `bookings` (
  `id` int(11) NOT NULL AUTO_INCREMENT,
  `id_dorm` int(11) DEFAULT NULL,
  `id_room` int(11) DEFAULT NULL,
  `id_customer` int(11) DEFAULT NULL,
  `code` varchar(100) DEFAULT NULL,
  `start_date` datetime DEFAULT NULL,
  `end_date` datetime DEFAULT NULL,
  `length_of_stay` int(11) DEFAULT NULL,
  `last_price` int(11) DEFAULT NULL,
  `current_payment` int(11) DEFAULT NULL,
  `total_payment` int(11) DEFAULT NULL,
  `discount` int(11) DEFAULT NULL,
  `status` enum('paid','unpaid','outstanding','close') DEFAULT NULL,
  `created_at` datetime DEFAULT NULL,
  `updated_at` datetime DEFAULT NULL,
  `created_by` int(11) DEFAULT NULL,
  `updated_by` int(11) DEFAULT NULL,
  PRIMARY KEY (`id`)
) ENGINE=InnoDB AUTO_INCREMENT=76 DEFAULT CHARSET=utf8mb4 COLLATE=utf8mb4_general_ci;

/*Data for the table `bookings` */

insert  into `bookings`(`id`,`id_dorm`,`id_room`,`id_customer`,`code`,`start_date`,`end_date`,`length_of_stay`,`last_price`,`current_payment`,`total_payment`,`discount`,`status`,`created_at`,`updated_at`,`created_by`,`updated_by`) values 
(38,3,69,17,'20230814102630','2023-07-01 00:00:00','2023-08-01 00:00:00',1,1350000,1350000,1350000,NULL,'paid','2023-08-14 10:26:30','2023-08-14 10:26:30',1,1),
(39,3,70,18,'20230814102745','2023-07-01 00:00:00','2023-09-01 00:00:00',2,1300000,2600000,2600000,NULL,'paid','2023-08-14 10:27:45','2023-08-14 10:27:45',1,1),
(40,3,71,19,'20230814102822','2023-08-01 00:00:00','2023-11-01 00:00:00',3,1100000,3300000,3300000,NULL,'paid','2023-08-14 10:28:22','2023-08-14 10:28:22',1,1),
(41,3,72,20,'20230814103012','2023-08-01 00:00:00','2023-09-01 00:00:00',1,1250000,1250000,1250000,NULL,'paid','2023-08-14 10:30:12','2023-08-14 10:30:12',1,1),
(42,3,73,21,'20230814103229','2023-07-01 00:00:00','2023-09-01 00:00:00',2,950000,1900000,1900000,NULL,'paid','2023-08-14 10:32:29','2023-08-14 10:32:29',1,1),
(43,3,74,22,'20230814103456','2023-08-14 00:00:00','2023-10-14 00:00:00',2,1200000,2400000,2400000,NULL,'paid','2023-08-14 10:34:56','2023-08-14 10:34:56',1,1),
(44,3,75,23,'20230814103542','2023-07-01 00:00:00','2023-10-01 00:00:00',3,1200000,3600000,3600000,NULL,'paid','2023-08-14 10:35:42','2023-08-14 10:35:42',1,1),
(45,3,76,24,'20230814103642','2023-07-01 00:00:00','2023-10-01 00:00:00',3,1200000,3600000,3600000,NULL,'paid','2023-08-14 10:36:42','2023-08-14 10:36:42',1,1),
(46,3,77,25,'20230814103810','2023-07-01 00:00:00','2023-10-01 00:00:00',3,900000,2700000,2700000,NULL,'paid','2023-08-14 10:38:10','2023-08-14 10:38:10',1,1),
(47,3,78,26,'20230814103913','2023-07-01 00:00:00','2024-01-01 00:00:00',6,1200000,7200000,7200000,NULL,'paid','2023-08-14 10:39:13','2023-08-14 10:39:13',1,1),
(48,3,79,27,'20230814104354','2023-08-01 00:00:00','2023-11-01 00:00:00',3,1450000,4350000,4350000,NULL,'paid','2023-08-14 10:43:54','2023-08-14 10:43:54',1,1),
(49,3,80,28,'20230814104503','2023-08-01 00:00:00','2023-11-01 00:00:00',3,1300000,3900000,3900000,NULL,'paid','2023-08-14 10:45:03','2023-08-14 10:45:03',1,1),
(50,3,81,29,'20230814104558','2023-07-01 00:00:00','2023-09-01 00:00:00',2,1100000,2200000,2200000,NULL,'paid','2023-08-14 10:45:58','2023-08-14 10:45:58',1,1),
(51,3,82,30,'20230814104644','2023-07-01 00:00:00','2023-10-01 00:00:00',3,1100000,3300000,3300000,NULL,'paid','2023-08-14 10:46:44','2023-08-14 10:46:44',1,1),
(52,3,83,31,'20230814104826','2023-07-01 00:00:00','2023-09-01 00:00:00',2,950000,1900000,1900000,NULL,'paid','2023-08-14 10:48:26','2023-08-14 10:48:26',1,1),
(53,3,83,31,'20230814105015','2023-09-01 00:00:00','2023-10-01 00:00:00',1,950000,950000,950000,NULL,'paid','2023-08-14 10:50:15','2023-08-14 10:50:15',1,1),
(54,3,84,32,'20230814105112','2023-07-01 00:00:00','2023-09-01 00:00:00',2,1200000,2400000,2400000,NULL,'paid','2023-08-14 10:51:12','2023-08-14 10:51:12',1,1),
(55,3,85,33,'20230814105152','2023-07-01 00:00:00','2023-10-01 00:00:00',3,1500000,4500000,4500000,NULL,'paid','2023-08-14 10:51:52','2023-08-14 10:51:52',1,1),
(56,2,86,34,'20230814110159','2023-07-01 00:00:00','2023-10-01 00:00:00',3,1100000,3300000,3300000,NULL,'paid','2023-08-14 11:01:59','2023-08-14 11:01:59',1,1),
(57,2,87,35,'20230814110227','2023-07-01 00:00:00','2023-09-01 00:00:00',2,1100000,2200000,2200000,NULL,'paid','2023-08-14 11:02:27','2023-08-14 11:02:27',1,1),
(58,2,88,36,'20230814110312','2023-08-01 00:00:00','2023-11-01 00:00:00',3,1300000,3900000,3900000,NULL,'paid','2023-08-14 11:03:12','2023-08-14 11:03:12',1,1),
(59,2,89,37,'20230814114524','2023-08-01 00:00:00','2023-11-01 00:00:00',3,1200000,3600000,3600000,NULL,'paid','2023-08-14 11:45:24','2023-08-14 11:45:24',1,1),
(60,2,90,38,'20230814114553','2023-07-01 00:00:00','2023-09-01 00:00:00',2,1250000,2500000,2500000,NULL,'paid','2023-08-14 11:45:53','2023-08-14 11:45:53',1,1),
(61,2,91,39,'20230814114642','2023-08-01 00:00:00','2023-11-01 00:00:00',3,1300000,3900000,3900000,NULL,'paid','2023-08-14 11:46:42','2023-08-14 11:46:42',1,1),
(62,2,92,40,'20230814115042','2023-07-01 00:00:00','2023-08-01 00:00:00',1,1000000,1000000,1000000,NULL,'paid','2023-08-14 11:50:42','2023-08-14 11:50:42',1,1),
(63,2,93,41,'20230814115123','2023-08-01 00:00:00','2023-11-01 00:00:00',3,1150000,3450000,3450000,NULL,'paid','2023-08-14 11:51:23','2023-08-14 11:51:23',1,1),
(64,2,94,42,'20230814115209','2023-07-01 00:00:00','2023-10-01 00:00:00',3,1300000,3900000,3900000,NULL,'paid','2023-08-14 11:52:09','2023-08-14 11:52:09',1,1),
(65,2,95,43,'20230814115236','2023-07-01 00:00:00','2023-08-01 00:00:00',1,1250000,1250000,1250000,NULL,'paid','2023-08-14 11:52:36','2023-08-14 11:52:36',1,1),
(66,2,98,44,'20230814115306','2023-07-01 00:00:00','2023-10-01 00:00:00',3,1600000,4800000,4800000,NULL,'paid','2023-08-14 11:53:06','2023-08-14 11:53:06',1,1),
(67,2,99,45,'20230814115346','2023-08-01 00:00:00','2023-11-01 00:00:00',3,1300000,3900000,3900000,NULL,'paid','2023-08-14 11:53:46','2023-08-14 11:53:46',1,1),
(68,2,101,46,'20230814115433','2023-07-01 00:00:00','2023-10-01 00:00:00',3,1300000,3900000,3900000,NULL,'paid','2023-08-14 11:54:33','2023-08-14 11:54:33',1,1),
(69,2,105,48,'20230814115607','2023-07-01 00:00:00','2024-05-01 00:00:00',10,1500000,15000000,15000000,NULL,'paid','2023-08-14 11:56:07','2023-08-14 11:56:07',1,1),
(72,1,19,95,'20230819201242','2023-08-01 00:00:00','2023-11-01 00:00:00',3,1166667,2000000,3200001,300000,'outstanding','2023-08-19 20:12:42','2023-08-19 20:12:42',1,1);

/*Table structure for table `customers` */

DROP TABLE IF EXISTS `customers`;

CREATE TABLE `customers` (
  `id` int(11) NOT NULL AUTO_INCREMENT,
  `nik` varchar(20) DEFAULT NULL,
  `name` varchar(50) DEFAULT NULL,
  `phone` varchar(15) DEFAULT NULL,
  `address` text DEFAULT NULL,
  `gender` enum('L','P') DEFAULT 'L',
  `photo` varchar(255) DEFAULT NULL,
  `phone_emergency` varchar(15) DEFAULT NULL,
  `created_at` datetime DEFAULT NULL,
  `updated_st` datetime DEFAULT NULL,
  PRIMARY KEY (`id`)
) ENGINE=InnoDB AUTO_INCREMENT=96 DEFAULT CHARSET=utf8mb4 COLLATE=utf8mb4_general_ci;

/*Data for the table `customers` */

insert  into `customers`(`id`,`nik`,`name`,`phone`,`address`,`gender`,`photo`,`phone_emergency`,`created_at`,`updated_st`) values 
(17,NULL,'Adhi Kinanda',NULL,NULL,'L',NULL,NULL,NULL,NULL),
(18,NULL,'Felix',NULL,NULL,'L',NULL,NULL,NULL,NULL),
(19,NULL,'Afif',NULL,NULL,'L',NULL,NULL,NULL,NULL),
(20,NULL,'Luthfi wira',NULL,NULL,'L',NULL,NULL,NULL,NULL),
(21,NULL,'Tuta',NULL,NULL,'L',NULL,NULL,NULL,NULL),
(22,NULL,'Indra',NULL,NULL,'L',NULL,NULL,NULL,NULL),
(23,NULL,'Yoga Ade',NULL,NULL,'L',NULL,NULL,NULL,NULL),
(24,NULL,'Gus Dwi',NULL,NULL,'L',NULL,NULL,NULL,NULL),
(25,NULL,'Giri',NULL,NULL,'L','',NULL,NULL,NULL),
(26,NULL,'Nanda',NULL,NULL,'L',NULL,NULL,NULL,NULL),
(27,NULL,'Krisna ',NULL,NULL,'L',NULL,NULL,NULL,NULL),
(28,NULL,'Wibi',NULL,NULL,'L',NULL,NULL,NULL,NULL),
(29,NULL,'Antonius',NULL,NULL,'L',NULL,NULL,NULL,NULL),
(30,NULL,'Khaidar',NULL,NULL,'L',NULL,NULL,NULL,NULL),
(31,NULL,'Farhan',NULL,NULL,'L',NULL,NULL,NULL,NULL),
(32,NULL,'Bani',NULL,NULL,'L',NULL,NULL,NULL,NULL),
(33,NULL,'Amir',NULL,NULL,'L',NULL,NULL,NULL,NULL),
(34,NULL,'Edward',NULL,NULL,'L',NULL,NULL,NULL,NULL),
(35,NULL,'Andika',NULL,NULL,'L','',NULL,NULL,NULL),
(36,NULL,'Husni Fadilah',NULL,NULL,'L',NULL,NULL,NULL,NULL),
(37,NULL,'Abdi',NULL,NULL,'L',NULL,NULL,NULL,NULL),
(38,NULL,'Alfarizi',NULL,NULL,'L',NULL,NULL,NULL,NULL),
(39,NULL,'Vikan',NULL,NULL,'L',NULL,NULL,NULL,NULL),
(40,NULL,'Mukti',NULL,NULL,'L',NULL,NULL,NULL,NULL),
(41,NULL,'Lutfi Dwi Andika',NULL,NULL,'L',NULL,NULL,NULL,NULL),
(42,NULL,'Riki Aditya',NULL,NULL,'L',NULL,NULL,NULL,NULL),
(43,NULL,'Faras',NULL,NULL,'L',NULL,NULL,NULL,NULL),
(44,NULL,'Rahman',NULL,NULL,'L',NULL,NULL,NULL,NULL),
(45,NULL,'Konstan Aftop',NULL,NULL,'L',NULL,NULL,NULL,NULL),
(46,NULL,'Diko',NULL,NULL,'L',NULL,NULL,NULL,NULL),
(47,NULL,'Yoga',NULL,NULL,'L',NULL,NULL,NULL,NULL),
(48,NULL,'Hanif',NULL,NULL,'L',NULL,NULL,NULL,NULL),
(49,NULL,'Mangayu Lintang',NULL,NULL,'P',NULL,NULL,NULL,NULL),
(50,NULL,'Diah Marta',NULL,NULL,'P',NULL,NULL,NULL,NULL),
(51,NULL,'Talita',NULL,NULL,'P',NULL,NULL,NULL,NULL),
(52,NULL,'Elizabeth Kembaren',NULL,NULL,'P',NULL,NULL,NULL,NULL),
(53,NULL,'Nailah Aulia Syawie',NULL,NULL,'P',NULL,NULL,NULL,NULL),
(54,NULL,'Putri Larasati',NULL,NULL,'P',NULL,NULL,NULL,NULL),
(55,NULL,'Haura Haya',NULL,NULL,'P',NULL,NULL,NULL,NULL),
(56,NULL,'Gladis',NULL,NULL,'P',NULL,NULL,NULL,NULL),
(57,NULL,'salsabila',NULL,NULL,'P',NULL,NULL,NULL,NULL),
(58,NULL,'Syafilla Nazmi',NULL,NULL,'P',NULL,NULL,NULL,NULL),
(59,NULL,'Dabil',NULL,NULL,'P',NULL,NULL,NULL,NULL),
(60,NULL,'Wa ode  Najwa  Amalia',NULL,NULL,'P',NULL,NULL,NULL,NULL),
(61,NULL,'Saniya',NULL,NULL,'P',NULL,NULL,NULL,NULL),
(62,NULL,'Gusti',NULL,NULL,'L',NULL,NULL,NULL,NULL),
(63,NULL,'Shafi ',NULL,NULL,'P',NULL,NULL,NULL,NULL),
(64,NULL,'Linda Ratna',NULL,NULL,'P',NULL,NULL,NULL,NULL),
(65,NULL,'Fatya ',NULL,NULL,'P',NULL,NULL,NULL,NULL),
(66,NULL,'Dian Novita',NULL,NULL,'P',NULL,NULL,NULL,NULL),
(67,NULL,'Tricha',NULL,NULL,'P',NULL,NULL,NULL,NULL),
(68,NULL,'Qiyala',NULL,NULL,'P',NULL,NULL,NULL,NULL),
(69,NULL,'Azyia',NULL,NULL,'P',NULL,NULL,NULL,NULL),
(70,NULL,'Nisrina',NULL,NULL,'P',NULL,NULL,NULL,NULL),
(71,NULL,'Faatih Diningsih',NULL,NULL,'P','',NULL,NULL,NULL),
(72,NULL,'Nisrina Hana anindiya',NULL,NULL,'P',NULL,NULL,NULL,NULL),
(73,NULL,'Putri Amanda',NULL,NULL,'P',NULL,NULL,NULL,NULL),
(74,NULL,'Laty shafa',NULL,NULL,'P',NULL,NULL,NULL,NULL),
(75,NULL,'Aulia',NULL,NULL,'P',NULL,NULL,NULL,NULL),
(76,NULL,'Nailatul ',NULL,NULL,'P',NULL,NULL,NULL,NULL),
(77,NULL,'Fadilah Edison',NULL,NULL,'P',NULL,NULL,NULL,NULL),
(78,NULL,'Cintia',NULL,NULL,'P',NULL,NULL,NULL,NULL),
(79,NULL,'Ega Naura',NULL,NULL,'P',NULL,NULL,NULL,NULL),
(80,NULL,'Tsabita Amaliah',NULL,NULL,'P',NULL,NULL,NULL,NULL),
(81,NULL,'Tyas',NULL,NULL,'P',NULL,NULL,NULL,NULL),
(82,NULL,'Nabila Athifah',NULL,NULL,'P',NULL,NULL,NULL,NULL),
(83,NULL,'Fla',NULL,NULL,'P','',NULL,NULL,NULL),
(84,NULL,'Syalsabila Dewiana',NULL,NULL,'P',NULL,NULL,NULL,NULL),
(85,NULL,'Stefani',NULL,NULL,'P',NULL,NULL,NULL,NULL),
(86,NULL,'Bitari damaratih',NULL,NULL,'P',NULL,NULL,NULL,NULL),
(87,NULL,'Rami Miskia',NULL,NULL,'P',NULL,NULL,NULL,NULL),
(88,NULL,'Tasya',NULL,NULL,'P','',NULL,NULL,NULL),
(89,NULL,'Jauza Zadine Alima',NULL,NULL,'P',NULL,NULL,NULL,NULL),
(90,NULL,'Kadek Dea',NULL,NULL,'P',NULL,NULL,NULL,NULL),
(91,NULL,'kansya Arum',NULL,NULL,'P',NULL,NULL,NULL,NULL),
(92,NULL,'Wulan',NULL,NULL,'P',NULL,NULL,NULL,NULL),
(93,NULL,'Azma Amarilis',NULL,NULL,'P',NULL,NULL,NULL,NULL),
(94,NULL,'Rista',NULL,NULL,'P',NULL,NULL,NULL,NULL),
(95,'09324709','testing','-','-','L','1f4adb583fcf028748762f16e99693ac.jpg','-',NULL,NULL);

/*Table structure for table `dorms` */

DROP TABLE IF EXISTS `dorms`;

CREATE TABLE `dorms` (
  `id` int(11) NOT NULL AUTO_INCREMENT,
  `name` varchar(100) DEFAULT NULL,
  `phone` varchar(15) DEFAULT NULL,
  `address` text DEFAULT NULL,
  `down_payment` int(11) DEFAULT NULL,
  `total_floors` int(11) DEFAULT NULL,
  `minimum_order` int(11) DEFAULT NULL,
  `created_at` datetime DEFAULT NULL,
  `updated_at` datetime DEFAULT NULL,
  PRIMARY KEY (`id`)
) ENGINE=InnoDB AUTO_INCREMENT=13 DEFAULT CHARSET=utf8mb4 COLLATE=utf8mb4_general_ci;

/*Data for the table `dorms` */

insert  into `dorms`(`id`,`name`,`phone`,`address`,`down_payment`,`total_floors`,`minimum_order`,`created_at`,`updated_at`) values 
(1,'Graha 9\n',NULL,NULL,2000000,3,3,NULL,NULL),
(2,'Griya 99\n',NULL,NULL,1000000,3,1,NULL,NULL),
(3,'Griya Salam\n',NULL,NULL,1000000,3,1,NULL,NULL),
(12,'testing','-','-',500000,1,2,NULL,NULL);

/*Table structure for table `logs` */

DROP TABLE IF EXISTS `logs`;

CREATE TABLE `logs` (
  `id` int(11) NOT NULL AUTO_INCREMENT,
  `user_id` int(11) DEFAULT NULL,
  `category` varchar(50) DEFAULT NULL,
  `description` text DEFAULT NULL,
  `created_at` datetime DEFAULT NULL,
  PRIMARY KEY (`id`)
) ENGINE=InnoDB DEFAULT CHARSET=utf8mb4 COLLATE=utf8mb4_general_ci;

/*Data for the table `logs` */

/*Table structure for table `payments` */

DROP TABLE IF EXISTS `payments`;

CREATE TABLE `payments` (
  `id` int(11) NOT NULL AUTO_INCREMENT,
  `id_booking` int(11) DEFAULT NULL,
  `code` varchar(50) DEFAULT NULL,
  `amount` int(11) DEFAULT NULL,
  `description` text DEFAULT NULL,
  `evidance` text DEFAULT NULL,
  `created_at` datetime DEFAULT NULL,
  `updated_at` datetime DEFAULT NULL,
  `created_by` int(11) DEFAULT NULL,
  `updated_by` int(11) DEFAULT NULL,
  PRIMARY KEY (`id`)
) ENGINE=InnoDB AUTO_INCREMENT=72 DEFAULT CHARSET=utf8mb4 COLLATE=utf8mb4_general_ci;

/*Data for the table `payments` */

insert  into `payments`(`id`,`id_booking`,`code`,`amount`,`description`,`evidance`,`created_at`,`updated_at`,`created_by`,`updated_by`) values 
(34,38,'TRX-20230814102630',1350000,'pembayaran DP',NULL,'2023-08-14 10:26:30','2023-08-14 10:26:30',1,1),
(35,39,'TRX-20230814102745',2600000,'pembayaran DP',NULL,'2023-08-14 10:27:45','2023-08-14 10:27:45',1,1),
(36,40,'TRX-20230814102822',3300000,'pembayaran DP',NULL,'2023-08-14 10:28:22','2023-08-14 10:28:22',1,1),
(37,41,'TRX-20230814103012',1250000,'pembayaran DP',NULL,'2023-08-14 10:30:12','2023-08-14 10:30:12',1,1),
(38,42,'TRX-20230814103229',1900000,'pembayaran DP',NULL,'2023-08-14 10:32:29','2023-08-14 10:32:29',1,1),
(39,43,'TRX-20230814103456',2400000,'pembayaran DP',NULL,'2023-08-14 10:34:56','2023-08-14 10:34:56',1,1),
(40,44,'TRX-20230814103542',3600000,'pembayaran DP',NULL,'2023-08-14 10:35:42','2023-08-14 10:35:42',1,1),
(41,45,'TRX-20230814103642',3600000,'pembayaran DP',NULL,'2023-08-14 10:36:42','2023-08-14 10:36:42',1,1),
(42,46,'TRX-20230814103810',2700000,'pembayaran DP',NULL,'2023-08-14 10:38:10','2023-08-14 10:38:10',1,1),
(43,47,'TRX-20230814103913',7200000,'pembayaran DP',NULL,'2023-08-14 10:39:13','2023-08-14 10:39:13',1,1),
(44,48,'TRX-20230814104354',4350000,'pembayaran DP',NULL,'2023-08-14 10:43:54','2023-08-14 10:43:54',1,1),
(45,49,'TRX-20230814104503',3900000,'pembayaran DP',NULL,'2023-08-14 10:45:03','2023-08-14 10:45:03',1,1),
(46,50,'TRX-20230814104558',2200000,'pembayaran DP',NULL,'2023-08-14 10:45:58','2023-08-14 10:45:58',1,1),
(47,51,'TRX-20230814104644',3300000,'pembayaran DP',NULL,'2023-08-14 10:46:44','2023-08-14 10:46:44',1,1),
(48,52,'TRX-20230814104826',1900000,'pembayaran DP',NULL,'2023-08-14 10:48:26','2023-08-14 10:48:26',1,1),
(49,53,'TRX-20230814105015',950000,'pembayaran DP',NULL,'2023-08-14 10:50:15','2023-08-14 10:50:15',1,1),
(50,54,'TRX-20230814105112',2400000,'pembayaran DP',NULL,'2023-08-14 10:51:12','2023-08-14 10:51:12',1,1),
(51,55,'TRX-20230814105152',4500000,'pembayaran DP',NULL,'2023-08-14 10:51:52','2023-08-14 10:51:52',1,1),
(52,56,'TRX-20230814110159',3300000,'pembayaran DP',NULL,'2023-08-14 11:01:59','2023-08-14 11:01:59',1,1),
(53,57,'TRX-20230814110227',2200000,'pembayaran DP',NULL,'2023-08-14 11:02:27','2023-08-14 11:02:27',1,1),
(54,58,'TRX-20230814110312',3900000,'pembayaran DP',NULL,'2023-08-14 11:03:12','2023-08-14 11:03:12',1,1),
(55,59,'TRX-20230814114524',3600000,'pembayaran DP',NULL,'2023-08-14 11:45:24','2023-08-14 11:45:24',1,1),
(56,60,'TRX-20230814114553',2500000,'pembayaran DP',NULL,'2023-08-14 11:45:53','2023-08-14 11:45:53',1,1),
(57,61,'TRX-20230814114642',3900000,'pembayaran DP',NULL,'2023-08-14 11:46:42','2023-08-14 11:46:42',1,1),
(58,62,'TRX-20230814115042',1000000,'pembayaran DP',NULL,'2023-08-14 11:50:42','2023-08-14 11:50:42',1,1),
(59,63,'TRX-20230814115123',3450000,'pembayaran DP',NULL,'2023-08-14 11:51:23','2023-08-14 11:51:23',1,1),
(60,64,'TRX-20230814115209',3900000,'pembayaran DP',NULL,'2023-08-14 11:52:09','2023-08-14 11:52:09',1,1),
(61,65,'TRX-20230814115236',1250000,'pembayaran DP',NULL,'2023-08-14 11:52:36','2023-08-14 11:52:36',1,1),
(62,66,'TRX-20230814115306',4800000,'pembayaran DP',NULL,'2023-08-14 11:53:06','2023-08-14 11:53:06',1,1),
(63,67,'TRX-20230814115346',3900000,'pembayaran DP',NULL,'2023-08-14 11:53:46','2023-08-14 11:53:46',1,1),
(64,68,'TRX-20230814115433',3900000,'pembayaran DP',NULL,'2023-08-14 11:54:33','2023-08-14 11:54:33',1,1),
(65,69,'TRX-20230814115607',15000000,'pembayaran DP',NULL,'2023-08-14 11:56:07','2023-08-14 11:56:07',1,1),
(68,72,'TRX-20230819201242',2000000,'pembayaran DP',NULL,'2023-08-19 20:12:42','2023-08-19 20:12:42',1,1),
(71,75,'TRX-20230822053541',2000000,'pembayaran DP',NULL,'2023-08-22 05:35:41','2023-08-22 05:35:41',1,1);

/*Table structure for table `payments_month` */

DROP TABLE IF EXISTS `payments_month`;

CREATE TABLE `payments_month` (
  `id` int(11) NOT NULL AUTO_INCREMENT,
  `id_dorm` int(11) DEFAULT NULL,
  `id_booking` int(11) DEFAULT NULL,
  `id_room` int(11) DEFAULT NULL,
  `month_pay` date DEFAULT NULL,
  `amount` int(11) DEFAULT NULL,
  `created_at` datetime DEFAULT NULL,
  `created_by` int(11) DEFAULT NULL,
  PRIMARY KEY (`id`)
) ENGINE=InnoDB AUTO_INCREMENT=111 DEFAULT CHARSET=utf8mb4 COLLATE=utf8mb4_general_ci;

/*Data for the table `payments_month` */

insert  into `payments_month`(`id`,`id_dorm`,`id_booking`,`id_room`,`month_pay`,`amount`,`created_at`,`created_by`) values 
(23,3,38,69,'2023-07-01',1350000,'2023-08-14 10:26:30',1),
(24,3,39,70,'2023-07-01',1300000,'2023-08-14 10:27:45',1),
(25,3,39,70,'2023-08-01',1300000,'2023-08-14 10:27:45',1),
(26,3,40,71,'2023-08-01',1100000,'2023-08-14 10:28:22',1),
(27,3,40,71,'2023-09-01',1100000,'2023-08-14 10:28:22',1),
(28,3,40,71,'2023-10-01',1100000,'2023-08-14 10:28:22',1),
(29,3,41,72,'2023-08-01',1250000,'2023-08-14 10:30:12',1),
(30,3,42,73,'2023-07-01',950000,'2023-08-14 10:32:29',1),
(31,3,42,73,'2023-08-01',950000,'2023-08-14 10:32:29',1),
(32,3,43,74,'2023-08-14',1200000,'2023-08-14 10:34:56',1),
(33,3,43,74,'2023-09-14',1200000,'2023-08-14 10:34:56',1),
(34,3,44,75,'2023-07-01',1200000,'2023-08-14 10:35:42',1),
(35,3,44,75,'2023-08-01',1200000,'2023-08-14 10:35:42',1),
(36,3,44,75,'2023-09-01',1200000,'2023-08-14 10:35:43',1),
(37,3,45,76,'2023-07-01',1200000,'2023-08-14 10:36:42',1),
(38,3,45,76,'2023-08-01',1200000,'2023-08-14 10:36:42',1),
(39,3,45,76,'2023-09-01',1200000,'2023-08-14 10:36:42',1),
(40,3,46,77,'2023-07-01',900000,'2023-08-14 10:38:10',1),
(41,3,46,77,'2023-08-01',900000,'2023-08-14 10:38:10',1),
(42,3,46,77,'2023-09-01',900000,'2023-08-14 10:38:10',1),
(43,3,47,78,'2023-07-01',1200000,'2023-08-14 10:39:13',1),
(44,3,47,78,'2023-08-01',1200000,'2023-08-14 10:39:13',1),
(45,3,47,78,'2023-09-01',1200000,'2023-08-14 10:39:13',1),
(46,3,47,78,'2023-10-01',1200000,'2023-08-14 10:39:13',1),
(47,3,47,78,'2023-11-01',1200000,'2023-08-14 10:39:13',1),
(48,3,47,78,'2023-12-01',1200000,'2023-08-14 10:39:13',1),
(49,3,48,79,'2023-08-01',1450000,'2023-08-14 10:43:55',1),
(50,3,48,79,'2023-09-01',1450000,'2023-08-14 10:43:55',1),
(51,3,48,79,'2023-10-01',1450000,'2023-08-14 10:43:55',1),
(52,3,49,80,'2023-08-01',1300000,'2023-08-14 10:45:03',1),
(53,3,49,80,'2023-09-01',1300000,'2023-08-14 10:45:03',1),
(54,3,49,80,'2023-10-01',1300000,'2023-08-14 10:45:03',1),
(55,3,50,81,'2023-07-01',1100000,'2023-08-14 10:45:58',1),
(56,3,50,81,'2023-08-01',1100000,'2023-08-14 10:45:58',1),
(57,3,51,82,'2023-07-01',1100000,'2023-08-14 10:46:44',1),
(58,3,51,82,'2023-08-01',1100000,'2023-08-14 10:46:44',1),
(59,3,51,82,'2023-09-01',1100000,'2023-08-14 10:46:44',1),
(60,3,52,83,'2023-07-01',950000,'2023-08-14 10:48:26',1),
(61,3,52,83,'2023-08-01',950000,'2023-08-14 10:48:26',1),
(62,3,53,83,'2023-09-01',950000,'2023-08-14 10:50:15',1),
(63,3,54,84,'2023-07-01',1200000,'2023-08-14 10:51:12',1),
(64,3,54,84,'2023-08-01',1200000,'2023-08-14 10:51:12',1),
(65,3,55,85,'2023-07-01',1500000,'2023-08-14 10:51:52',1),
(66,3,55,85,'2023-08-01',1500000,'2023-08-14 10:51:52',1),
(67,3,55,85,'2023-09-01',1500000,'2023-08-14 10:51:52',1),
(68,2,56,86,'2023-07-01',1100000,'2023-08-14 11:01:59',1),
(69,2,56,86,'2023-08-01',1100000,'2023-08-14 11:01:59',1),
(70,2,56,86,'2023-09-01',1100000,'2023-08-14 11:01:59',1),
(71,2,57,87,'2023-07-01',1100000,'2023-08-14 11:02:27',1),
(72,2,57,87,'2023-08-01',1100000,'2023-08-14 11:02:27',1),
(73,2,58,88,'2023-08-01',1300000,'2023-08-14 11:03:12',1),
(74,2,58,88,'2023-09-01',1300000,'2023-08-14 11:03:12',1),
(75,2,58,88,'2023-10-01',1300000,'2023-08-14 11:03:12',1),
(76,2,59,89,'2023-08-01',1200000,'2023-08-14 11:45:24',1),
(77,2,59,89,'2023-09-01',1200000,'2023-08-14 11:45:24',1),
(78,2,59,89,'2023-10-01',1200000,'2023-08-14 11:45:24',1),
(79,2,60,90,'2023-07-01',1250000,'2023-08-14 11:45:53',1),
(80,2,60,90,'2023-08-01',1250000,'2023-08-14 11:45:53',1),
(81,2,61,91,'2023-08-01',1300000,'2023-08-14 11:46:42',1),
(82,2,61,91,'2023-09-01',1300000,'2023-08-14 11:46:42',1),
(83,2,61,91,'2023-10-01',1300000,'2023-08-14 11:46:42',1),
(84,2,62,92,'2023-07-01',1000000,'2023-08-14 11:50:42',1),
(85,2,63,93,'2023-08-01',1150000,'2023-08-14 11:51:23',1),
(86,2,63,93,'2023-09-01',1150000,'2023-08-14 11:51:23',1),
(87,2,63,93,'2023-10-01',1150000,'2023-08-14 11:51:23',1),
(88,2,64,94,'2023-07-01',1300000,'2023-08-14 11:52:09',1),
(89,2,64,94,'2023-08-01',1300000,'2023-08-14 11:52:09',1),
(90,2,64,94,'2023-09-01',1300000,'2023-08-14 11:52:09',1),
(91,2,65,95,'2023-07-01',1250000,'2023-08-14 11:52:36',1),
(92,2,66,98,'2023-07-01',1600000,'2023-08-14 11:53:06',1),
(93,2,66,98,'2023-08-01',1600000,'2023-08-14 11:53:06',1),
(94,2,66,98,'2023-09-01',1600000,'2023-08-14 11:53:06',1),
(95,2,67,99,'2023-08-01',1300000,'2023-08-14 11:53:46',1),
(96,2,67,99,'2023-09-01',1300000,'2023-08-14 11:53:46',1),
(97,2,67,99,'2023-10-01',1300000,'2023-08-14 11:53:46',1),
(98,2,68,101,'2023-07-01',1300000,'2023-08-14 11:54:33',1),
(99,2,68,101,'2023-08-01',1300000,'2023-08-14 11:54:33',1),
(100,2,68,101,'2023-09-01',1300000,'2023-08-14 11:54:33',1),
(101,2,69,105,'2023-07-01',1500000,'2023-08-14 11:56:07',1),
(102,2,69,105,'2023-08-01',1500000,'2023-08-14 11:56:07',1),
(103,2,69,105,'2023-09-01',1500000,'2023-08-14 11:56:07',1),
(104,2,69,105,'2023-10-01',1500000,'2023-08-14 11:56:07',1),
(105,2,69,105,'2023-11-01',1500000,'2023-08-14 11:56:07',1),
(106,2,69,105,'2023-12-01',1500000,'2023-08-14 11:56:07',1),
(107,2,69,105,'2024-01-01',1500000,'2023-08-14 11:56:07',1),
(108,2,69,105,'2024-02-01',1500000,'2023-08-14 11:56:07',1),
(109,2,69,105,'2024-03-01',1500000,'2023-08-14 11:56:07',1),
(110,2,69,105,'2024-04-01',1500000,'2023-08-14 11:56:07',1);

/*Table structure for table `rooms` */

DROP TABLE IF EXISTS `rooms`;

CREATE TABLE `rooms` (
  `id` int(11) NOT NULL AUTO_INCREMENT,
  `id_dorm` int(11) DEFAULT NULL,
  `floor` int(11) DEFAULT NULL,
  `name` varchar(50) DEFAULT NULL,
  `description` text DEFAULT NULL,
  `price` int(11) DEFAULT NULL,
  `created_at` datetime DEFAULT NULL,
  `updated_at` datetime DEFAULT NULL,
  `created_by` int(11) DEFAULT NULL,
  `updated_by` int(11) DEFAULT NULL,
  PRIMARY KEY (`id`)
) ENGINE=InnoDB AUTO_INCREMENT=106 DEFAULT CHARSET=utf8mb4 COLLATE=utf8mb4_general_ci;

/*Data for the table `rooms` */

insert  into `rooms`(`id`,`id_dorm`,`floor`,`name`,`description`,`price`,`created_at`,`updated_at`,`created_by`,`updated_by`) values 
(19,1,1,'A',NULL,1166667,NULL,NULL,NULL,NULL),
(20,1,1,'B',NULL,1083333,NULL,NULL,NULL,NULL),
(21,1,1,'C',NULL,1083333,NULL,NULL,NULL,NULL),
(22,1,1,'D',NULL,1083333,NULL,NULL,NULL,NULL),
(23,1,1,'E',NULL,1083333,NULL,NULL,NULL,NULL),
(24,1,1,'F',NULL,1166667,NULL,NULL,NULL,NULL),
(25,1,1,'G',NULL,1166667,NULL,NULL,NULL,NULL),
(26,1,1,'H',NULL,1083333,NULL,NULL,NULL,NULL),
(27,1,1,'I',NULL,1083333,NULL,NULL,NULL,NULL),
(28,1,1,'J',NULL,1166667,NULL,NULL,NULL,NULL),
(29,1,1,'K',NULL,1166667,NULL,NULL,NULL,NULL),
(30,1,1,'L',NULL,1083333,NULL,NULL,NULL,NULL),
(31,1,1,'M',NULL,1083333,NULL,NULL,NULL,NULL),
(32,1,1,'N',NULL,1083333,NULL,NULL,NULL,NULL),
(33,1,2,'A',NULL,1166667,NULL,NULL,NULL,NULL),
(34,1,2,'B',NULL,1083333,NULL,NULL,NULL,NULL),
(35,1,2,'C',NULL,1083333,NULL,NULL,NULL,NULL),
(36,1,2,'D',NULL,1083333,NULL,NULL,NULL,NULL),
(37,1,2,'E',NULL,1083333,NULL,NULL,NULL,NULL),
(38,1,2,'F',NULL,1083333,NULL,NULL,NULL,NULL),
(39,1,2,'G',NULL,1083333,NULL,NULL,NULL,NULL),
(40,1,2,'H',NULL,1083333,NULL,NULL,NULL,NULL),
(41,1,2,'I',NULL,1083333,NULL,NULL,NULL,NULL),
(42,1,2,'J',NULL,1083333,NULL,NULL,NULL,NULL),
(43,1,2,'K',NULL,1166667,NULL,NULL,NULL,NULL),
(44,1,2,'L',NULL,1166667,NULL,NULL,NULL,NULL),
(45,1,2,'M',NULL,1083333,NULL,NULL,NULL,NULL),
(46,1,2,'N',NULL,1166667,NULL,NULL,NULL,NULL),
(47,1,2,'O',NULL,1083333,NULL,NULL,NULL,NULL),
(48,1,2,'P',NULL,1083333,NULL,NULL,NULL,NULL),
(49,1,2,'Q',NULL,1250000,NULL,NULL,NULL,NULL),
(50,1,2,'R',NULL,1250000,NULL,NULL,NULL,NULL),
(51,1,3,'A',NULL,1083333,NULL,NULL,NULL,NULL),
(52,1,3,'B',NULL,1083333,NULL,NULL,NULL,NULL),
(53,1,3,'C',NULL,1083333,NULL,NULL,NULL,NULL),
(54,1,3,'D',NULL,1083333,NULL,NULL,NULL,NULL),
(55,1,3,'E',NULL,1083333,NULL,NULL,NULL,NULL),
(56,1,3,'F',NULL,1083333,NULL,NULL,NULL,NULL),
(57,1,3,'G',NULL,1083333,NULL,NULL,NULL,NULL),
(58,1,3,'H',NULL,1166667,NULL,NULL,NULL,NULL),
(59,1,3,'I',NULL,1166667,NULL,NULL,NULL,NULL),
(60,1,3,'J',NULL,1083333,NULL,NULL,NULL,NULL),
(61,1,3,'K',NULL,1083333,NULL,NULL,NULL,NULL),
(62,1,3,'L',NULL,1083333,NULL,NULL,NULL,NULL),
(63,1,3,'M',NULL,1083333,NULL,NULL,NULL,NULL),
(64,1,3,'N',NULL,1083333,NULL,NULL,NULL,NULL),
(65,1,3,'O',NULL,1083333,NULL,NULL,NULL,NULL),
(66,1,3,'P',NULL,1166667,NULL,NULL,NULL,NULL),
(67,1,3,'Q',NULL,1250000,NULL,NULL,NULL,NULL),
(68,1,3,'R',NULL,1250000,NULL,NULL,NULL,NULL),
(69,3,1,'A','',1350000,'2023-08-14 06:58:09','2023-08-14 06:58:09',1,1),
(70,3,1,'B','',1300000,'2023-08-14 08:44:09','2023-08-14 08:44:09',1,1),
(71,3,1,'C','',1100000,'2023-08-14 08:44:23','2023-08-14 08:44:23',1,1),
(72,3,1,'D','',1250000,'2023-08-14 08:44:55','2023-08-14 08:44:55',1,1),
(73,3,1,'E','',950000,'2023-08-14 08:45:19','2023-08-14 08:45:19',1,1),
(74,3,2,'A','',1200000,'2023-08-14 08:45:45','2023-08-14 08:45:45',1,1),
(75,3,2,'B','',1200000,'2023-08-14 08:46:07','2023-08-14 08:46:07',1,1),
(76,3,2,'C','',1200000,'2023-08-14 08:46:26','2023-08-14 08:46:26',1,1),
(77,3,2,'D','',900000,'2023-08-14 08:46:41','2023-08-14 08:46:41',1,1),
(78,3,2,'E','',1200000,'2023-08-14 08:47:04','2023-08-14 08:47:04',1,1),
(79,3,2,'F','',1450000,'2023-08-14 08:47:39','2023-08-14 08:47:39',1,1),
(80,3,3,'A','',1300000,'2023-08-14 08:47:54','2023-08-14 08:47:54',1,1),
(81,3,3,'B','',1100000,'2023-08-14 08:48:05','2023-08-14 08:48:05',1,1),
(82,3,3,'C','',1100000,'2023-08-14 08:48:19','2023-08-14 08:48:19',1,1),
(83,3,3,'D','',950000,'2023-08-14 08:48:32','2023-08-14 08:48:32',1,1),
(84,3,3,'E','',1200000,'2023-08-14 08:48:42','2023-08-14 08:48:42',1,1),
(85,3,3,'F','',1500000,'2023-08-14 08:48:55','2023-08-14 08:48:55',1,1),
(86,2,1,'A','',1100000,'2023-08-14 08:50:40','2023-08-14 08:50:40',1,1),
(87,2,1,'B','',1100000,'2023-08-14 08:50:54','2023-08-14 08:50:54',1,1),
(88,2,1,'C','',1300000,'2023-08-14 08:51:04','2023-08-14 08:51:04',1,1),
(89,2,1,'D','',1200000,'2023-08-14 08:51:14','2023-08-14 08:51:14',1,1),
(90,2,1,'E','',1250000,'2023-08-14 08:51:31','2023-08-14 08:51:31',1,1),
(91,2,1,'F','',1300000,'2023-08-14 08:51:58','2023-08-14 08:51:58',1,1),
(92,2,2,'A','',1000000,'2023-08-14 08:52:33','2023-08-14 08:52:33',1,1),
(93,2,2,'B','',1150000,'2023-08-14 08:52:47','2023-08-14 08:52:47',1,1),
(94,2,2,'C','',1300000,'2023-08-14 08:52:59','2023-08-14 08:52:59',1,1),
(95,2,2,'D','',1250000,'2023-08-14 08:53:21','2023-08-14 08:53:21',1,1),
(96,2,2,'E','',1500000,'2023-08-14 08:53:40','2023-08-14 08:53:40',1,1),
(97,2,2,'F','',1300000,'2023-08-14 08:53:57','2023-08-14 08:53:57',1,1),
(98,2,2,'G','',1600000,'2023-08-14 08:54:31','2023-08-14 08:54:31',1,1),
(99,2,3,'A','',1300000,'2023-08-14 08:54:56','2023-08-14 08:54:56',1,1),
(100,2,3,'B','',1250000,'2023-08-14 08:55:06','2023-08-14 08:55:06',1,1),
(101,2,3,'C','',1300000,'2023-08-14 08:55:23','2023-08-14 08:55:23',1,1),
(102,2,3,'D','',1350000,'2023-08-14 08:55:36','2023-08-14 08:55:36',1,1),
(103,2,3,'E','',1200000,'2023-08-14 08:55:54','2023-08-14 08:55:54',1,1),
(104,2,3,'F','',1200000,'2023-08-14 08:56:13','2023-08-14 08:56:13',1,1),
(105,2,3,'G','',1500000,'2023-08-14 08:56:25','2023-08-14 08:56:25',1,1);

/*Table structure for table `users` */

DROP TABLE IF EXISTS `users`;

CREATE TABLE `users` (
  `id` int(11) NOT NULL AUTO_INCREMENT,
  `username` varchar(100) DEFAULT NULL,
  `password` varchar(100) DEFAULT NULL,
  `level` varchar(20) DEFAULT NULL,
  `name` varchar(100) DEFAULT NULL,
  `is_active` varchar(1) DEFAULT NULL,
  `photo` varchar(100) DEFAULT NULL,
  `created_at` datetime DEFAULT NULL,
  PRIMARY KEY (`id`)
) ENGINE=InnoDB AUTO_INCREMENT=2 DEFAULT CHARSET=utf8mb4 COLLATE=utf8mb4_general_ci;

/*Data for the table `users` */

insert  into `users`(`id`,`username`,`password`,`level`,`name`,`is_active`,`photo`,`created_at`) values 
(1,'admin','$2y$10$CiBeF9W4QzVdyhN4hCjDw.I6HqDYWCyYpuPaQ2zm/YUI6kQcP5q1e','admin','Admin','Y',NULL,NULL);

/*Table structure for table `dorm_summary_room` */

DROP TABLE IF EXISTS `dorm_summary_room`;

/*!50001 DROP VIEW IF EXISTS `dorm_summary_room` */;
/*!50001 DROP TABLE IF EXISTS `dorm_summary_room` */;

/*!50001 CREATE TABLE  `dorm_summary_room`(
 `id` int(11) ,
 `dorm_name` varchar(100) ,
 `total_room` bigint(21) ,
 `total_room_used` bigint(21) ,
 `total_room_booked` bigint(21) ,
 `total_room_available` bigint(23) ,
 `occupancy` bigint(21) 
)*/;

/*View structure for view dorm_summary_room */

/*!50001 DROP TABLE IF EXISTS `dorm_summary_room` */;
/*!50001 DROP VIEW IF EXISTS `dorm_summary_room` */;

/*!50001 CREATE ALGORITHM=UNDEFINED DEFINER=`root`@`localhost` SQL SECURITY DEFINER VIEW `dorm_summary_room` AS (select `a`.`id` AS `id`,`a`.`name` AS `dorm_name`,ifnull(`a`.`total_room`,0) AS `total_room`,ifnull(`c`.`total_room_used`,0) AS `total_room_used`,ifnull(`b`.`total_room_booked`,0) AS `total_room_booked`,`a`.`total_room` - ifnull(`b`.`total_room_booked`,0) - ifnull(`c`.`total_room_used`,0) AS `total_room_available`,cast((ifnull(`b`.`total_room_booked`,0) + ifnull(`c`.`total_room_used`,0)) / `a`.`total_room` * 100 as signed) AS `occupancy` from (((select `dorms`.`id` AS `id`,`dorms`.`name` AS `name`,count(`rooms`.`id`) AS `total_room` from (`dorms` left join `rooms` on(`dorms`.`id` = `rooms`.`id_dorm`)) group by 1) `a` left join (select `dorms`.`id` AS `id`,`dorms`.`name` AS `name`,ifnull(count(`bookings`.`id`),0) AS `total_room_booked` from (`dorms` left join `bookings` on(`dorms`.`id` = `bookings`.`id_dorm`)) where `bookings`.`status` = 'outstanding' and current_timestamp() <= `bookings`.`start_date` group by 1) `b` on(`a`.`id` = `b`.`id`)) left join (select `dorms`.`id` AS `id`,`dorms`.`name` AS `name`,count(`bookings`.`id`) AS `total_room_used` from (`dorms` left join `bookings` on(`dorms`.`id` = `bookings`.`id_dorm`)) where `bookings`.`status` = 'paid' and current_timestamp() <= `bookings`.`end_date` group by 1) `c` on(`a`.`id` = `c`.`id`))) */;

/*!40101 SET SQL_MODE=@OLD_SQL_MODE */;
/*!40014 SET FOREIGN_KEY_CHECKS=@OLD_FOREIGN_KEY_CHECKS */;
/*!40014 SET UNIQUE_CHECKS=@OLD_UNIQUE_CHECKS */;
/*!40111 SET SQL_NOTES=@OLD_SQL_NOTES */;
